[
  {
    "id": "2c1662ad-9a1c-416f-ba9f-f0c783d2cb64",
    "data": [
      {
        "text": "my email ID id ",
        "userDefined": false
      },
      {
        "text": "abc@gmail.com",
        "alias": "email",
        "meta": "@sys.email",
        "userDefined": true
      }
    ],
    "isTemplate": false,
    "count": 0,
    "updated": 0
  },
  {
    "id": "419ffc1f-83ff-4b67-a1e5-08490c39f66f",
    "data": [
      {
        "text": "book room for ",
        "userDefined": false
      },
      {
        "text": "three",
        "alias": "number",
        "meta": "@sys.number",
        "userDefined": false
      },
      {
        "text": " person",
        "userDefined": false
      }
    ],
    "isTemplate": false,
    "count": 0,
    "updated": 0
  },
  {
    "id": "b5f82be6-f2b6-430d-b951-75e1f3d3f2b8",
    "data": [
      {
        "text": "my name is ",
        "userDefined": false
      },
      {
        "text": "harish",
        "alias": "person",
        "meta": "@sys.person",
        "userDefined": false
      }
    ],
    "isTemplate": false,
    "count": 0,
    "updated": 0
  },
  {
    "id": "7b40c92b-3d6b-4bf4-acbf-68ab67d44a27",
    "data": [
      {
        "text": "my name is shrinidhi",
        "userDefined": false
      }
    ],
    "isTemplate": false,
    "count": 0,
    "updated": 0
  },
  {
    "id": "4e7516bb-a491-4024-be88-875d49cfecd6",
    "data": [
      {
        "text": "I wish to book a room at your hotel",
        "userDefined": false
      }
    ],
    "isTemplate": false,
    "count": 0,
    "updated": 0
  },
  {
    "id": "222589cd-d926-4773-aae5-71ffaf59f5d4",
    "data": [
      {
        "text": "Iam looking for a room",
        "userDefined": false
      }
    ],
    "isTemplate": false,
    "count": 0,
    "updated": 0
  },
  {
    "id": "fb87d4db-0d22-4777-a8e1-179f83f886e7",
    "data": [
      {
        "text": "I want to book a room",
        "userDefined": false
      }
    ],
    "isTemplate": false,
    "count": 0,
    "updated": 0
  }
]